{
  "builtAt": "2026-06-02T21:37:07.669Z",
  "featureNames": [
    "clicheDensity",
    "phrasePerLine",
    "rhymePerLine",
    "perfectRhymeRatio",
    "endRhymeRate",
    "repetition",
    "hapaxRatio",
    "commonWordRatio",
    "abstractRatio",
    "concreteRatio",
    "lineLenCV",
    "avgLineLen",
    "avgWordLen",
    "fnWordRatio",
    "properNounDensity",
    "numeralDensity",
    "collectivePronoun",
    "positivityBias"
  ],
  "scaler": {
    "mean": [
      0.06606284822821445,
      0.005303876848273839,
      0.02084085768532871,
      0.471637303013917,
      0.1562888836731355,
      0.503747715622912,
      0.5975327742841806,
      0.45660749732636413,
      0.032310219434842705,
      0.043029816632587974,
      0.2769348197583603,
      7.023423682461286,
      3.996558678054487,
      0.3615449826484852,
      0.13367990255430115,
      0.39552560583926116,
      0.19582799996118028,
      0.5382287277382223
    ],
    "std": [
      0.0706867081896358,
      0.03879174200638479,
      0.042488759008416595,
      0.3587629996320103,
      0.12120392537197457,
      0.12807471877405768,
      0.14900766156398462,
      0.12025575151608331,
      0.036083795683806055,
      0.037726156790766865,
      0.12591437909824502,
      13.492218861080381,
      0.3726642571482352,
      0.07885585886028941,
      1.4751607024776119,
      0.9189123270474012,
      0.29384754094198506,
      0.33388104343520564
    ]
  },
  "centroids": {
    "ai": [
      0.27811732148828167,
      0.06623329866735496,
      0.17613882243518356,
      0.30946227024362216,
      0.3728840236553109,
      -0.4327653712587055,
      0.3370726448801569,
      -0.19830773145146147,
      -0.18111172062562053,
      0.3355299650582927,
      -0.40598417842554385,
      -0.02446808134310033,
      0.11898057961750835,
      -0.0625132129366328,
      -0.06588972957112224,
      0.13828369131119736,
      0.08660595829532712,
      -0.1234344826786479
    ],
    "human": [
      -0.26969322351518143,
      -0.06422711007734232,
      -0.17080362544306565,
      -0.30008874230384297,
      -0.3615894680660948,
      0.4196570259483903,
      -0.3268628062072844,
      0.19230104423892638,
      0.1756258959007828,
      -0.32536685373738594,
      0.39368702815716583,
      0.023726949818658107,
      -0.11537669024364987,
      0.060619704730921785,
      0.06389394759552501,
      -0.13409511593784748,
      -0.08398268738997301,
      0.11969568579329774
    ]
  },
  "temperature": 1,
  "meta": {
    "aiCount": 2209,
    "humanCount": 2278,
    "humanSource": "pipeline_tier3 fresh",
    "perModel": {
      "chatgpt": 102,
      "claude-opus-4-8": 2568,
      "claude-opus": 15,
      "gemini": 1,
      "grok": 15,
      "suno": 348,
      "suno-v5.5": 653,
      "suno-remi": 103
    }
  }
}