{
  "builtAt": "2026-06-04T06:48:47.612Z",
  "featureNames": [
    "clicheDensity",
    "phrasePerLine",
    "rhymePerLine",
    "perfectRhymeRatio",
    "endRhymeRate",
    "repetition",
    "hapaxRatio",
    "commonWordRatio",
    "abstractRatio",
    "concreteRatio",
    "lineLenCV",
    "avgLineLen",
    "avgWordLen",
    "fnWordRatio",
    "properNounDensity",
    "numeralDensity",
    "collectivePronoun",
    "positivityBias"
  ],
  "scaler": {
    "mean": [
      0.06529912237932695,
      0.007778131200557589,
      0.01867920128820753,
      0.46107277421139264,
      0.1456934773255732,
      0.5003486104339359,
      0.5987280118179364,
      0.46835505376940845,
      0.03398854465802164,
      0.04295280046095515,
      0.2851152847973419,
      7.404891235276497,
      4.028948552199239,
      0.3629525713657604,
      0.1903717108763518,
      0.3468811891325612,
      0.19348876949737093,
      0.5517267609293118
    ],
    "std": [
      0.06979807886309732,
      0.047108949672364314,
      0.038044065447274504,
      0.3532578248048592,
      0.11443422596820454,
      0.12939333324111071,
      0.14592493360120906,
      0.11647181504783403,
      0.03583704767377586,
      0.03678596702857219,
      0.12990095842309965,
      14.644381666561019,
      0.3647006035317553,
      0.07406466569547271,
      2.1656988693866928,
      0.9765408476043567,
      0.2809151830909999,
      0.3289626669354371
    ]
  },
  "centroids": {
    "ai": [
      0.2939844645236376,
      0.11624415939802492,
      0.11370424212378924,
      0.2516370215432187,
      0.2783042112838083,
      -0.4194073279858563,
      0.31527812460747756,
      -0.1745598495741158,
      -0.1683729084041753,
      0.3352310123495445,
      -0.3531303561584728,
      -0.0457537972130603,
      0.13999273178104213,
      -0.10524236301073553,
      -0.07057308690724964,
      0.0897289395967189,
      0.04690534171500435,
      -0.15750075837662947
    ],
    "human": [
      -0.28943318108639954,
      -0.11444454009431931,
      -0.11194394422927757,
      -0.24774133470752596,
      -0.2739956797109513,
      0.4129143262947153,
      -0.31039718605523986,
      0.17185742326237438,
      0.16576626444242284,
      -0.33004117568036595,
      0.34766341305393705,
      0.04504546556777025,
      -0.13782545194699425,
      0.103613066631266,
      0.06948051855648378,
      -0.08833981232671087,
      -0.04617918257863151,
      0.15506243023533084
    ]
  },
  "temperature": 1,
  "meta": {
    "aiCount": 2035,
    "humanCount": 2067,
    "humanSource": "pipeline_tier3 fresh",
    "perModel": {
      "chatgpt": 161,
      "claude-opus": 15,
      "claude": 323,
      "gemini": 58,
      "grok": 395,
      "suno": 348,
      "suno-v5.5": 653,
      "suno-remi": 103
    }
  }
}