{
  "builtAt": "2026-05-29T22:01Z",
  "featureNames": [
    "clicheDensity",
    "phrasePerLine",
    "rhymePerLine",
    "perfectRhymeRatio",
    "endRhymeRate",
    "repetition",
    "hapaxRatio",
    "commonWordRatio",
    "abstractRatio",
    "concreteRatio",
    "lineLenCV",
    "avgLineLen",
    "avgWordLen",
    "fnWordRatio",
    "properNounDensity",
    "numeralDensity",
    "collectivePronoun",
    "positivityBias"
  ],
  "scaler": {
    "mean": [
      0.07509478672985784,
      0.01894401050118498,
      0.020353650470714836,
      0.41904110053771254,
      0.13898426260137878,
      0.5024218009478671,
      0.5739544340165244,
      0.47481153173213403,
      0.037011166878874506,
      0.03623375003774391,
      0.3017516817530999,
      6.863733407813938,
      4.0356452727536425,
      0.36838704655262733,
      0.12504938548652164,
      0.26486181011936694,
      0.1957730833120983,
      0.5693462914634324
    ],
    "std": [
      0.09854231665570859,
      0.10236174637052356,
      0.04002348598792221,
      0.3497150160543944,
      0.10061325351960759,
      0.15457720137033937,
      0.16453854493737163,
      0.10630015448820752,
      0.03159786247184069,
      0.033132147395718556,
      0.10884914368689898,
      1.6540464335203113,
      0.3136662043181979,
      0.06904794288230942,
      0.49582073039835844,
      0.8727500071280927,
      0.2776519042698798,
      0.3252071604366972
    ]
  },
  "centroids": {
    "ai": [
      0.34795758580828073,
      0.002860244251102484,
      0.3644660534626782,
      0.3764585546296662,
      0.5807534347168027,
      -1.0476219402275126,
      0.8097798240058278,
      -0.4587572695600562,
      0.059290566409410904,
      0.15408360400408194,
      -0.6769571877532471,
      0.7058737302554213,
      0.8677138757198256,
      -0.6586732259401941,
      -0.07292700474176657,
      0.0929352912150219,
      0.4281983563575824,
      0.10668567492949062
    ],
    "human": [
      -0.1382612923741516,
      -0.0011365208944780596,
      -0.14482094839576584,
      -0.14958618064755028,
      -0.2307629541921061,
      0.41627361863344997,
      -0.32176681748575825,
      0.18228765677883144,
      -0.023559165460691565,
      -0.06122527311420444,
      0.26898961102778063,
      -0.28047962791606296,
      -0.3447869704846909,
      0.26172446063849253,
      0.028977617778184906,
      -0.03692793028411464,
      -0.17014504226129096,
      -0.04239165891238009
    ]
  },
  "temperature": 1,
  "meta": {
    "aiCount": 60,
    "humanCount": 151,
    "humanSource": "151 real songs (profiles)",
    "perModel": {
      "chatgpt": 15,
      "claude-opus": 15,
      "grok": 15,
      "qwen-2.5-14b": 15
    }
  }
}