{
  "builtAt": "2026-05-29T21:08Z",
  "featureNames": [
    "clicheDensity",
    "phrasePerLine",
    "rhymePerLine",
    "repetition",
    "endRhymeRate",
    "avgLineLen",
    "fnWordRatio",
    "avgWordLen",
    "hapaxRatio"
  ],
  "scaler": {
    "mean": [
      0.07188888888888888,
      0.011179981634527091,
      0.01990352399311481,
      0.45560606060606057,
      0.14561453548765171,
      7.418776878316898,
      0.3771698879927447,
      3.9896873235513644,
      0.6136942621351504
    ],
    "std": [
      0.07539309628508632,
      0.07712720373744017,
      0.04258222517249409,
      0.14501625253268197,
      0.09395024805721315,
      1.7331220303469874,
      0.05426806232702459,
      0.29788415424689085,
      0.1533301528270957
    ]
  },
  "centroids": {
    "ai": [
      0.46718100141470936,
      0.13465644322442757,
      0.2423276091203576,
      -0.7103070090909042,
      0.5366540696230709,
      0.48778373522931673,
      -0.3611378408868107,
      0.5063958295114236,
      0.5966844695243487
    ],
    "human": [
      -0.38931750117892416,
      -0.11221370268702319,
      -0.20193967426696458,
      0.5919225075757537,
      -0.4472117246858916,
      -0.40648644602443235,
      0.3009482007390054,
      -0.4219965245928491,
      -0.4972370579369552
    ]
  },
  "temperature": 1,
  "meta": {
    "aiCount": 45,
    "humanCount": 54,
    "humanSource": "54 real songs (profiles)",
    "perModel": {
      "chatgpt": 15,
      "claude-opus": 15,
      "qwen-2.5-14b": 15
    }
  }
}