{
  "builtAt": "2026-05-29T21:14Z",
  "featureNames": [
    "clicheDensity",
    "phrasePerLine",
    "rhymePerLine",
    "perfectRhymeRatio",
    "endRhymeRate",
    "repetition",
    "hapaxRatio",
    "commonWordRatio",
    "abstractRatio",
    "concreteRatio",
    "lineLenCV",
    "avgLineLen",
    "avgWordLen",
    "fnWordRatio",
    "properNounDensity",
    "numeralDensity",
    "collectivePronoun",
    "positivityBias"
  ],
  "scaler": {
    "mean": [
      0.0606241610738255,
      0.007767050446315725,
      0.017350192834737103,
      0.4472582973543973,
      0.14222100474030439,
      0.4863624161073823,
      0.5953975080020333,
      0.4862610807837319,
      0.0349083991151421,
      0.03889786308995089,
      0.29048449751275107,
      6.95947744663932,
      4.022857343542602,
      0.3598289813320698,
      0.14931784381260277,
      0.22589609916443068,
      0.18538356348807744,
      0.5811182836661518
    ],
    "std": [
      0.06916854975567231,
      0.06312687010390448,
      0.03893029445890713,
      0.3480778370934398,
      0.10371607129379626,
      0.15198088959542289,
      0.16261384108538976,
      0.10734245998166218,
      0.030914594865386807,
      0.03359656931221365,
      0.10509361607490018,
      1.6227491395987483,
      0.30761519430801093,
      0.06051010552773028,
      0.5848116414558682,
      0.5373696096229668,
      0.2561462789772113,
      0.32980663243535213
    ]
  },
  "centroids": {
    "ai": [
      0.6720821847717482,
      0.2185853044294583,
      0.33064686908649354,
      0.3716162759847399,
      0.518842577028528,
      -0.8801265505384351,
      0.7093163916620938,
      -0.4123138363847174,
      0.18343786088298708,
      0.13385833983088424,
      -0.7017946885050598,
      0.5991370081003713,
      0.7946876065128937,
      -0.4148022301970547,
      -0.13707089578309986,
      0.11023607288543162,
      0.48224194613178717,
      0.02845800746356747
    ],
    "human": [
      -0.2908047914877755,
      -0.0945801798012082,
      -0.1430683568162712,
      -0.1607955040318591,
      -0.22449919198349638,
      0.3808239882137483,
      -0.30691574639225194,
      0.17840502535877384,
      -0.07937215134359923,
      -0.057919473965286634,
      0.30366116329545884,
      -0.25924197465881693,
      -0.34385521435654154,
      0.17948173421988128,
      0.059309522213841157,
      -0.047698300767734556,
      -0.20866238053779287,
      -0.012313560921735996
    ]
  },
  "temperature": 1,
  "meta": {
    "aiCount": 45,
    "humanCount": 104,
    "humanSource": "104 real songs (profiles)",
    "perModel": {
      "chatgpt": 15,
      "claude-opus": 15,
      "qwen-2.5-14b": 15
    }
  }
}